,UPC,ID,Manufacturer,Brand,Product Description,Vegan,Vegetarian,Nut Free,Lactose Free,Company ID,Product ID
2,43000029220,243996,"Kraft Foods, Inc.",Maxwell House,Maxwell House Ground Coffee The Original Roast Medium,,,,,43000,02922
3,19600050308,402216,Pinnacle Foods Group LLC,Celeste,Celeste Pizza For One Original 4 Cheese,,,,,19600,05030
4,41331037822,397371,"Goya Foods, Inc.",Goya,Goya Sason Coriander & Annatto Seasoning,,,,,41331,03782
5,14100078678,620865,Pepperidge Farm Tim Tam,Pepperidge Farm® Goldfish®,"Pepperidge Farm® Goldfish® Cheddar Crackers, 2 oz. Carton",,,Y,,14100,07867
6,87684001066,399630,Kraft Heinz Foods Company,Capri Sun,Capri Sun Juice Drink Lemonade - 10 CT,,,,,87684,00106
8,73731008300,420442,Gruma Corporation,Mission,Mission Flour Tortillas Fajita Super Soft - 20 CT,,,,,73731,00830
9,63435891117,420686,Irving Consumer Products,Scotties,Scotties 2 ply Sheets - 70 CT,,,,,63435,89111
10,14100070610,544647,"Pepperidge Farm, Inc.",PEPPERIDGE FARM,Pepperidge Farm Bread Swirl Cinnamon,,,,,14100,07061
11,41331090605,419990,"Goya Foods, Inc.",Goya,Goya Discos Para Empanadas,,,,,41331,09060
12,43000955635,508133,"Kraft Foods, Inc.",Kool-Aid,Kool-Aid Unsweetened Drink Mix Grape,,,,,43000,95563
13,41196010329,627911,"General Mills, Inc.",Progresso,Progresso Traditional Soup Chickarina,,,,,41196,01032
15,50000577958,274422,Nestle Purina PetCare Company,Purina,"Purina Friskies Tasty Treasures Cat Food With Chicken, Tuna & Cheese In Gravy",,,,,50000,57795
16,76183003572,563735,Snapple Beverage Corp.,Diet Snapple,Diet Snapple Peach Tea - 12 PK,,,,,76183,00357
17,44000033385,607468,Nabisco Biscuit Company,Chips Ahoy!,Nabisco Chips Ahoy! Original Cookies,,,,,44000,03338
18,71730007157,365904,New World Pasta Company,No Yolks,No Yolks Enriched Egg White Pasta Extra Broad,,,,,71730,00715
19,13900500013,472484,The William G. Bell Co.,Bell's,Bell's Seasoning,,,,,13900,50001
20,83900006495,420173,The Coca-Cola Company,Gold Peak,Gold Peak Sweet Iced Tea,,,,,83900,00649
21,14100085485,620900,Pepperidge Farm Tim Tam,Pepperidge Farm® Goldfish® Flavor Blasted®,"Pepperidge Farm® Goldfish® Flavor Blasted® Xtra Cheddar Crackers, 6.6 oz. Bag",,,Y,,14100,08548
22,21273100129,510801,Gunter's Honey,Gunter's,Gunter's Pure Honey Clover,,,,,21273,10012
23,73420000158,563816,Daisy Brand,Daisy,Daisy Light Sour Cream,,,,,73420,00015
25,43000200018,392197,"Kraft Foods, Inc.",JELL-O,Jell-O Gelatin Dessert Strawberry,,,,,43000,20001
27,25000046285,602944,Simply Orange Juice Company,Simply Orange,Simply Cranberry Cocktail,,,,,25000,04628
28,49000024692,563863,The Coca-Cola Company,Diet Coke,Diet Coke - 6 CT,,,,,49000,02469
29,76183163740,508798,Snapple Beverage Corp.,Snapple,Snapple Juice Drink Lemon Tea,,,,,76183,16374
30,79606010157,481743,Camino Real Kitchens,Tina's,Tina's Burrito Red Hot Beef,,,,,79606,01015
31,79606106454,481736,Camino Real Kitchens,Tina's,Tina's Burrito Spicy Bean & Cheese,,,,,79606,10645
32,50000570171,380222,Nestle Purina PetCare Company,Fancy Feast,Fancy Feast Medleys Gourmet Cat Food White Meat Chicken Florentine in Sauce,,,,,50000,57017
33,71673020503,641597,"Stroehmann Bakeries, Inc.",Stroehmann,Stroehmann Bread 100% Whole Wheat,,,,,71673,02050
34,36632038128,484728,"The Dannon Company, Inc.",Dannon,Dannon Light & Fit Greek Nonfat Yogurt Tiramisu,,,,,36632,03812
35,43000054017,510450,Kraft Heinz Foods Company,Baker's,Baker's 100% Cacao Baking Bar Unsweetened Chocolate,,,,,43000,05401
36,21000301928,564217,"Horizon Organic Dairy, LLC",Horizon,Horizon Organic Shredded Cheese Mexican Style,,,,,21000,30192
37,38000768620,609766,Kellogg Sales Co.,Kellogg's,"Kellogg's Cocoa Krispies Chocolatey, Sweetened Rice Cereal",,,,,38000,76862
38,71091000071,588912,"DS Waters of America, Inc.",Nursery,Nursery Purified Water,,,,,71091,00007
39,51500241776,381376,The J.M. Smucker Company,Jif,Jif Creamy Peanut Butter,,,,,51500,24177
40,25000054259,422429,Simply Orange Juice Company,Simply Limeade,Simply Limeade All Natural,,,,,25000,05425
41,75185000039,593211,"Martin's Famous Pastry Shoppe, Inc.",Martin's,Martin's Potato Sandwich Rolls - 8 CT,,,,,75185,00003
42,38000260667,549130,Kellogg Company,Eggo,Kellogg's Eggo Minis Pancakes - 40 CT,,,,,38000,26066
43,41789001215,288439,"Maruchan, Inc.",Maruchan,Maruchan Instant Lunch Ramen Noodle Soup Chicken,,,,,41789,00121
45,50000570560,381023,Nestle Purina PetCare Company,Fancy Feast,Fancy Feast Medleys Tuna Florentine Cat Food,,,,,50000,57056
46,36000258295,400882,"Kimberly-Clark Global Sales, LLC.",Kleenex,Kleenex Tissues with Aloe Soothing Lotion - 75 CT,,,,,36000,25829
48,44700092194,514780,Kraft Heinz Foods Company,Claussen,Claussen Kosher Dill Sandwich Slices,,,,,44700,09219
49,48121184117,628746,"Bimbo Bakeries USA, Inc.",Thomas',Thomas' English Muffins Original made with Whole Grain,,,,,48121,18411
50,34000402113,630398,The Hershey Company,Reese's,Reese's Peanut Butter Cups Snack Size,,,,,34000,40211
51,14100074120,620839,Pepperidge Farm Tim Tam,Pepperidge Farm® Milano®,"Pepperidge Farm® Milano® Dark Chocolate Cookies, 6 oz. Bag",,,Y,,14100,07412
53,37000950356,564800,Procter & Gamble Company,Bounty,Bounty Paper Towels Full Sheet - 2 CT,,,,,37000,95035
55,46000821214,628400,"General Mills, Inc.",Old El Paso,Old El Paso Refried Beans Traditional,N,N,,,46000,82121
56,16000275690,628160,"General Mills, Inc.",Lucky Charms,Gmills Lcky Chrms Tstd Oat W Mrshmlws Cereal,N,N,,,16000,27569
57,49000005486,603039,The Coca-Cola Company,Coca-Cola,Coca-Cola - 8 PK,,,,,49000,00548
58,36200004449,317746,"Mizkan Americas, Inc.",Ragu,Ragu Chunky Garden Combination Sauce,,,,,36200,00444
60,24600010016,424417,"Morton Salt, Inc.",Morton,Morton Salt,,,,,24600,01001
61,37000088752,394217,Procter & Gamble Company,Tide,Tide Detergent Original,,,,,37000,08875
62,70346000095,213910,"Kraft Foods, Inc.",Kraft,Kraft America's Classic Caramels,,,,,70346,00009
63,27000390078,481913,ConAgra Foods Inc.,Hunt's,Hunt's Tomatoes Sauce No Salt Added,,,,,27000,39007
64,37000950073,565537,Procter & Gamble Company,Bounty,Bounty Paper Towels Select-A-Size - 12 CT,,,,,37000,95007
65,44700360002,565532,"Kraft Foods, Inc.",Lunchables,Lunchables Lunch Combinations Ham & Cheddar,,,,,44700,36000
66,71300000083,396192,New World Pasta Company,Ronzoni,Ronzoni No. 8 Spaghetti,,,,,71300,00008
67,22000004840,565535,Wm. Wrigley Jr. Company,Orbit,Wrigley's Orbit Sugarfree Gum Spearmint - 14 CT,,,,,22000,00484
68,49200056004,597347,"Domino Foods, Inc.",Domino,Domino Dark Brown Sugar Pure Cane Sugar,,,,,49200,05600
69,77901007810,565570,"Lactalis American Group, Inc.",President,President Feta Crumbles,,,,,77901,00781
70,18000005017,628126,"General Mills, Inc.",Pillsbury,Plsbry Cinn Rolls Cinnabon Cinn Original Icing,N,N,,,18000,00501
71,16000434721,628285,"General Mills, Inc.",Cinnamon Toast Crunch,Gmills Cinn Tst Crnch Sweetened Whl Wht Rice Cereal,N,N,,,16000,43472
74,49000000443,603065,The Coca-Cola Company,Coca-Cola,Coca-Cola,,,,,49000,00044
77,73410312001,624123,"Bimbo Bakeries USA, Inc.",Arnold,Arnold Premium Stuffing Seasoned,,,,,73410,31200
78,16000439801,627143,"General Mills, Inc.",Nature Valley,Nat Vly Trail Mix Chwy Gran Bars Frt Nut,N,N,,,16000,43980
79,21000616893,457194,Kraft Heinz Foods Company,Velveeta,Velveeta Pasturized Cheese Original,,,,,21000,61689
80,49000055450,603084,The Coca-Cola Company,Sprite,Sprite Soda Lemon-Lime,,,,,49000,05545
82,73491510006,620817,"Kozy Shack Enterprises, Inc.",Kozy Shack,Kozy Shack Rice Pudding Original Recipe,,,,,73491,51000
83,14100095064,620937,Pepperidge Farm Tim Tam,Pepperidge Farm®,"Pepperidge Farm® Country Style Cubed Stuffing, 12 oz. Bag",,,Y,,14100,09506
84,50000429141,398684,Nestle Purina PetCare Company,Purina,Fancy Feast Tender Beef & Liver Feast Classic Gourmet Cat Food,,,,,50000,42914
86,83900005979,603094,The Coca-Cola Company,Gold Peak,Gold Peak Tea Green Tea,,,,,83900,00597
87,80000505279,603101,StarKist Co.,StarKist,StarKist Low Sodium Chunk Light Tuna in Water,,,,,80000,50527
88,41390000027,471828,"Kikkoman Sales Usa, Inc.",Kikkoman,Kikkoman Soy Sauce,,,,,41390,00002
90,25000047725,426152,The Coca-Cola Company,Minute Maid,Minute Maid Premium Fruit Punch,,,,,25000,04772
91,48121117016,628752,"Bimbo Bakeries USA, Inc.",Thomas',Thomas' Toast-R-Cakes Muffins Corn,,,,,48121,11701
92,16000420403,628138,"General Mills, Inc.",Betty Crocker,Bty Crk Bisquick Pancake Baking Mix Original,N,N,,,16000,42040
93,43000204337,399996,"Kraft Foods, Inc.",JELL-O,Jell-O Instant Pudding & Pie Filling Vanilla,,,,,43000,20433
95,22000159335,426633,Callard & Bowser,Altoids,Altoids Peppermint,,,,,22000,15933
96,70662060032,586355,Nissin Foods USA Co Inc.,Nissin,Nissin Top Ramen Chicken Flavor Ramen Noodle Soup - 6 PK,,,,,70662,06003
97,72945601345,628732,"Bimbo Bakeries USA, Inc.",Sara Lee,Sara Lee Bread 100% Whole Wheat,,,,,72945,60134
98,25000055447,511362,Simply Orange Juice Company,Simply Orange,Simply Orange Orange Juice High Pulp,,,,,25000,05544
99,82657500607,550957,Nestle Waters North America Inc.,Deer Park,Deer Park Natural Spring Water,,,,,82657,50060
100,38000599231,609666,Kellogg Sales Co.,Kellogg's,Kellogg's Special K Cereal Red Berries,,,,,38000,59923
101,41789006210,427459,"Maruchan, Inc.",Maruchan,Maruchan Souper 6 Pack Chicken Flavor Ramen Noodle Soup - 6 PK,,,,,41789,00621
103,18000001828,627107,"General Mills, Inc.",Pillsbury,Pills Grands Sthrn Hmstyl Biscuits Btrmilk,N,N,,,18000,00182
104,78000152463,557356,"Dr Pepper/Seven Up, Inc.",Canada Dry,Canada Dry Ginger Ale,,,,,78000,15246
105,21000123827,508873,"Kraft Foods, Inc.",Breakstone's,Breakstone's Lowfat Cottage Cheese - 4 CT,,,,,21000,12382
106,15700209660,384295,"Dairy Farmers of America, Inc",Keller's,Keller's Creamery Butter Salted - 4 CT,,,,,15700,20966
108,19600046202,381955,Pinnacle Foods Group LLC,Celeste,Celeste Pizza For One Sausage & Pepperoni Pizza,,,,,19600,04620
109,24300041204,459256,Mckee Foods Corporation,Little Debbie,Little Debbie Nutty Buddy Wafers with Peanut Butter - 12 CT,,,,,24300,04120
110,51000078742,620986,Pepperidge Farm Tim Tam,Pepperidge Farm® Puff Pastry,"Pepperidge Farm® Puff Pastry Frozen Sheets Pastry Dough, 2 Count, 17.3 oz. Box",,,Y,,51000,07874
111,24300041020,459257,Mckee Foods Corporation,Little Debbie,Little Debbie Honey Buns - 6 CT,,,,,24300,04102
112,18000003174,628152,"General Mills, Inc.",Pillsbury,Pills Thin Pizza Crust,N,N,,,18000,00317
113,24300041013,459258,Mckee Foods Corporation,Little Debbie,Little Debbie Oatmeal Creme Pies - 12 CT,,,,,24300,04101
114,24300041068,459259,Mckee Foods Corporation,Little Debbie,Little Debbie Cosmic Brownies with Chocolate Chip Candy - 6 CT,,,,,24300,04106
116,18000003389,628559,"General Mills, Inc.",Pillsbury,Pills Pizza Crust Classic,N,N,,,18000,00338
117,38000596636,609776,Kellogg Sales Co.,Kellogg's,Kellogg's Raisin Bran Cereal,,,,,38000,59663
118,16000194304,643389,"General Mills, Inc.",Betty Crocker,Bty Crk Frt By The Ft Frt Flvrd Sncks Var Pk,N,N,,,16000,19430
119,18000004683,628575,"General Mills, Inc.",Pillsbury,Pills French Bread Original,N,N,,,18000,00468
121,15700450109,383479,"Dairy Farmers of America, Inc",Hotel Bar,Hotel Bar Salted Butter All Natural Creamery Bars - 4 CT,,,,,15700,45010
122,13000798907,296144,Heinz North America,Heinz,Heinz Home Style Gravy Pork,,,,,13000,79890
123,44700021323,462586,Kraft Heinz Foods Company,Oscar Mayer,Oscar Mayer Bacon Maple,,,,,44700,02132
124,52100098609,391513,"McCormick & Co., Inc.",McCormick,McCormick Brown Gravy Mix,,,,,52100,09860
125,44700019887,462596,Kraft Heinz Foods Company,Oscar Mayer,Oscar Mayer Bacon Naturally Hardwood Smoked,,,,,44700,01988
126,38616387680,374087,Armour-Eckrich Meats LLC,Margherita,Margherita Pepperoni,,,,,38616,38768
127,44700066478,462597,Kraft Heinz Foods Company,Oscar Mayer,Oscar Mayer Bacon Fully Cooked,,,,,44700,06647
128,44700092057,514762,Kraft Heinz Foods Company,Claussen,Claussen Kosher Dill Halves,,,,,44700,09205
129,86600750774,87323,"Bumble Bee Foods, LLC",Bumble Bee,Bumble Bee Sardines in Water,,,,,86600,75077
130,15100026256,365089,American Italian Pasta Company,Pennsylvania Dutch,Pennsylvania Dutch Hearty Homestyle Egg Noodles,,,,,15100,02625
131,12000809965,603177,PepsiCo,Mountain Dew,Mountain Dew - 12 PK,,,,,12000,80996
132,71673001113,358712,"Stroehmann Bakeries, Inc.",Stroehmann,Stroehmann King White Bread,,,,,71673,00111
133,49000050172,429348,The Coca-Cola Company,Sprite,Sprite Zero Soda Lemon-Lime,,,,,49000,05017
135,14800000078,556535,Mott's LLP,Mott's,Mott's Unsweetened Applesauce Cups Apple - 6 CT,,,,,14800,00007
137,41148473721,627812,"Liberte USA, LLC",Liberte,Liberte Organic Whole Milk Yogurt Baja Strawberry,,,,,41148,47372
138,77782002768,429559,"Johnsonville Sausage, L.L.C.",Johnsonville,Johnsonville Breakfast Sausage Original Recipe,,,,,77782,00276
140,34000148301,605831,The Hershey Company,Hershey's,Hershey's Kitchens Semi-Sweet Chocolate Chips,,,,,34000,14830
141,71300000359,365854,New World Pasta Company,Ronzoni,Ronzoni No. 35 Elbows,,,,,71300,00035
142,44000028299,607431,Mondelez Global LLC,Nabisco,Nabisco belVita Breakfast Biscuits Blueberry - 5 CT,,,,,44000,02829
144,70074559582,500184,Abbott Nutrition,Similac,Similac Powdered Infant Formula Advance,,,,,70074,55958
145,50000040803,378309,Nestle Purina PetCare Company,Fancy Feast,Fancy Feast Chicken Feast In Gravy Grilled Gourmet Cat Food,,,,,50000,04080
146,21000023226,509326,Kraft Heinz Foods Company,Velveeta,Velveeta Shells & Cheese Original,,,,,21000,02322
147,78000152456,474320,Dr Pepper Snapple Group,Canada Dry,Canada Dry Ginger Ale,,,,,78000,15245
148,20735110577,482759,Turkey Hill Dairy,Turkey Hill,Turkey Hill Premium Ice Cream Butter Brickle,,,,,20735,11057
150,76183163566,508837,Snapple Beverage Corp.,Snapple,Snapple Juice Drink Peach Tea,,,,,76183,16356
151,49000054378,429719,The Coca-Cola Company,Powerade Zero,Powerade Zero Sports Drink Lemon Lime,,,,,49000,05437
152,38000402609,413106,Kellogg Company,Eggo,Kellogg's Eggo Waffles Homestyle - 10 CT,,,,,38000,40260
153,72322540304,470415,Cargill Meat Solutions Corp,Shady Brook Farms,Shady Brook Farms Lean Turkey Sausage Sweet Italian,,,,,72322,54030
154,44700007440,462612,Kraft Heinz Foods Company,Oscar Mayer,Oscar Mayer Selects Turkey Uncured Turkey Franks - 8 CT,,,,,44700,00744
155,72030013534,632600,"Bimbo Bakeries USA, Inc.",Entenmann's,Entenmann's Little Bites Muffins Chocolate Chip,,,,,72030,01353
156,49000050714,430126,The Coca-Cola Company,Powerade Zero,Powerade Zero Zero Calorie Sports Drink Grape,,,,,49000,05071
157,33400601355,395951,New World Pasta Company,San Giorgio,San Giorgio No. 35 Elbow Macaroni,,,,,33400,60135
158,19800036744,331149,The Dial Corporation,Renuzit,Renuzit Gel Air Freshener Blissful Apple & Cinnamon,,,,,19800,03674
159,44000032159,122126,"Kraft Foods, Inc.",Ritz Bits,Nabisco Ritz Bits Cheese Cracker Sandwiches,,,,,44000,03215
160,31000101022,482481,ConAgra Foods Inc.,Banquet,Banquet Beef Pot Pie,,,,,31000,10102
161,44000032029,607608,Mondelez Global LLC,Nabisco,Nabisco Oreo Chocolate Sandwich Cookies,,,,,44000,03202
162,76183643563,508844,Dr Pepper Snapple Group,Snapple,Snapple Peach Tea,,,,,76183,64356
163,54800030804,400093,"Mars, Inc.",Uncle Ben's,Uncle Ben's Ready Rice Spanish Style,,,,,54800,03080
164,75185000060,593208,"Martin's Famous Pastry Shoppe, Inc.",Martin's,Martin's Dinner Rolls Potato - 12 CT,,,,,75185,00006
165,44500341713,416746,Hillshire Brands Company,Hillshire Farm,Hillshire Farm Smoked Sausage,,,,,44500,34171
166,43500600042,398103,Plumrose USA,Plumrose,Plumrose Smoked Hamsteaks,,,,,43500,60004
168,70800041251,431136,"The Smithfield Packing Company, Inc.",Smithfield,Smithfield Hickory Smoked Bacon Thick Cut,,,,,70800,04125
169,44000006747,78706,"Kraft Foods, Inc.",Mallomars,Nabisco Mallomars Cookies Pure Chocolate,,,,,44000,00674
170,14500010988,542594,"Bird's Eye Foods, LLC",Birds Eye,Birds Eye Steamfresh Broccoli Cuts,,,,,14500,01098
171,52100002569,511775,"McCormick & Co., Inc.",McCormick,McCormick Ground Nutmeg,,,,,52100,00256
174,50000292615,382244,Nestle Purina PetCare Company,Fancy Feast,Fancy Feast Gravy Lovers Chicken Hearts & Liver Feast Gourmet Cat Food,,,,,50000,29261
175,18000817726,628212,"General Mills, Inc.",Pillsbury,Plsbry Rdy To Bake Cookies Sugar,N,N,,,18000,81772
176,51500006863,354076,The J.M. Smucker Company,Smucker's,Smucker's Preserves Strawberry,,,,,51500,00686
177,70085060107,516789,Kraft Heinz Foods Company,Bagel Bites,Bagel Bites Mini Bagels Three Cheese - 9 CT,,,,,70085,06010
178,50000429844,380515,Nestle Purina PetCare Company,Fancy Feast,Fancy Feast Turkey & Giblets Feast Classics Gourmet Cat Food,,,,,50000,42984
179,72945612419,629364,"Bimbo Bakeries USA, Inc.",Sara Lee,Sara Lee Artesano Bakery Bread Original,,,,,72945,61241
180,49200056752,597346,"Domino Foods, Inc.",Domino,Domino Light Brown Sugar Pure Cane Sugar,,,,,49200,05675
181,78000148466,557357,"Dr Pepper/Seven Up, Inc.",Canada Dry,Canada Dry Diet Ginger Ale,,,,,78000,14846
182,49000055412,477495,The Coca-Cola Company,Coca-Cola,Coca-Cola Zero Sugar,,,,,49000,05541
183,41208010606,377392,Taylor Provisions Co.,Taylor,Taylor Pork Rolls - 8 CT,,,,,41208,01060
184,49000045840,517378,The Coca-Cola Company,Coca-Cola Zero,Coca Cola Zero Sugar - 6 PK,,,,,49000,04584
185,50000579884,166241,Nestle Purina PetCare Company,Fancy Feast,Fancy Feast Gourmet Cat Food Turkey & Giblets Grilled,,,,,50000,57988
186,21000653201,547741,Kraft Heinz Foods Company,Velveeta,Velveeta Pasta Shells & Cheese Original,,,,,21000,65320
187,54100000606,293679,Pinnacle Foods Group LLC,Vlasic,Vlasic Kosher Dill Spears,,,,,54100,00060
188,16000430549,628195,"General Mills, Inc.",Betty Crocker,Bty Crk Favorites Super Moist Cake Mix Yellow,N,N,,,16000,43054
189,54000100604,490754,"Kimberly-Clark Global Sales, LLC.",Scott,Scott 1000 Sheets Per Roll Bathroom Tissue - 12 CT,,,,,54000,10060
190,43000045749,379315,"Kraft Foods, Inc.",JELL-O,Jell-O Original Strawberry - 4 CT,,,,,43000,04574
191,75199001336,330649,Calise & Sons Bakery Inc.,Calise Bakery,Calise Bakery Bulkie Rolls,,,,,75199,00133
192,75720002009,396047,Nestle Waters North America Inc.,Poland Spring,Poland Spring 100% Natural Spring Water - 12 CT,,,,,75720,00200
194,44500052985,432194,Hillshire Brands Company,Hillshire Farm,Hillshire Farm Lit'l Franks Beef,,,,,44500,05298
195,34500151504,620655,Land O'Lakes Inc.,Land O'Lakes,Land O Lakes Butter Sticks Unsalted - 4 CT,,,,,34500,15150
196,58496723064,479442,MARS Petcare US,Whiskas,Temptations Treats for Cats Chicken Flavor,,,,,58496,72306
197,64144321605,488255,ConAgra Foods Inc.,Gulden's,Gulden's Spicy Brown Mustard,,,,,64144,32160
198,37000285779,323931,Procter & Gamble Company,Bounty,Bounty Napkins Select Prints - 160 CT,,,,,37000,28577
199,46675013501,454824,"The Yocrunch Company, LLC",YoCrunch,YoCrunch Lowfat Yogurt Cookies N' Cream - 4 PK,,,,,46675,01350
200,13000798303,378783,H.J. Heinz Company,Heinz,Heinz Gravy Homestyle Rich Mushroom,,,,,13000,79830
201,52100006987,511908,"McCormick & Co., Inc.",McCormick,McCormick Bay Leaves,,,,,52100,00698
202,49000018349,431673,The Coca-Cola Company,Coca-Cola,Coca-Cola - 6 PK,,,,,49000,01834
203,46000288765,628405,"General Mills, Inc.",Old El Paso,Old El Paso Taco Seas Mix Mild,N,N,,,46000,28876
206,51500604410,432085,The J.M. Smucker Company,Pillsbury,Pillsbury Premium Cake Mix Devil's Food,,,,,51500,60441
207,33400601737,365787,New World Pasta Company,San Giorgio,San Giorgio No. 73 Penne Rigate,,,,,33400,60173
208,75199001909,514728,Calise & Sons Bakery Inc.,Calise Bakery,Calise Bakery Italian Rolls - 6 CT,,,,,75199,00190
209,23400350018,334380,Henkel Corporation,Renuzit,Renuzit Gel Air Freshener Lovely Lavender,,,,,23400,35001
210,49000050288,603329,The Coca-Cola Company,Fresca,Fresca Original Citrus Sparkling Flavored Soda,,,,,49000,05028
211,36200219317,323626,"Mizkan Americas, Inc.",Bertolli,Bertolli Tomato & Basil Sauce,,,,,36200,21931
212,16447100906,512004,"Rocky Mountain Natural Meats, Inc.",Great Range,Great Range Premium Ground Bison,,,,,16447,10090
213,38000311208,607138,Kellogg Sales Co.,Pop-Tarts,Kellogg's Pop-Tarts Frosted Brown Sugar Cinnamon - 12 CT,,,,,38000,31120
214,25000048210,23173,The Coca-Cola Company,Minute Maid,Minute Maid Light Fruit Drink 15 Calories Light Lemonade,,,,,25000,04821
215,25000054167,385912,Simply Orange Juice Company,Simply Orange,Simply Orange Orange Juice Medium Pulp with Calcium & Vitamin D,,,,,25000,05416
216,49000031652,517398,The Coca-Cola Company,Dasani,Dasani Purified Water - 24 CT,,,,,49000,03165
217,86600000251,376595,"Bumble Bee Foods, LLC",Bumble Bee,Bumble Bee Chunk White Albacore In Water,,,,,86600,00025
218,41331124201,23682,"Goya Foods, Inc.",Goya,Goya Premium Small Red Beans,,,,,41331,12420
219,33400601287,360423,New World Pasta Company,San Giorgio,San Giorgio No. 28 Ziti,,,,,33400,60128
220,50000423644,456389,Nestle Purina PetCare Company,Purina,Purina Friskies Pate Poultry Platter,,,,,50000,42364
221,13120012518,517156,Kraft Heinz Foods Company,Ore-Ida,Ore-Ida French Fried Potatoes Golden Crinkles Extra Crispy,,,,,13120,01251
222,25000026539,401828,The Coca-Cola Company,Minute Maid,Minute Maid Premium Fruit Punch,,,,,25000,02653
223,50000421947,401195,Nestle Purina PetCare Company,Friskies,Purina Friskies Chicken Dinner In Gravy Meaty Bits Cat Food,,,,,50000,42194
224,51500204412,260466,The J.M. Smucker Company,Pillsbury,Pillsbury Best All Purpose Flour Bleached Enriched,,,,,51500,20441
225,15665601004,433392,Pirate Brands,Pirate's Booty,Pirate's Booty Rice & Corn Puffs Aged White Cheddar,,,,,15665,60100
226,49000045741,433069,The Coca-Cola Company,Powerade,Powerade Ion4 Sports Drink Fruit Drink,,,,,49000,04574
227,73410310250,624122,"Bimbo Bakeries USA, Inc.",Arnold,Arnold Premium Stuffing Herb Seasoned,,,,,73410,31025
228,51500794807,166055,The J.M. Smucker Company,Pillsbury,Pillsbury Quick Bread Banana,,,,,51500,79480
229,44000028596,607678,Mondelez Global LLC,Nabisco,Nabisco Winter Oreo Chocolate Sandwich Cookies Red Creme,,,,,44000,02859
230,78000206463,489763,"Dr Pepper/Seven Up, Inc.",Schweppes,Schweppes Ginger Ale,,,,,78000,20646
231,75185000046,593210,"Martin's Famous Pastry Shoppe, Inc.",Martin's,Martin's Potato Rolls - 12 CT,,,,,75185,00004
232,39000008204,373858,B&G Foods,Ortega,Ortega Taco Seasoning Mix Original,,,,,39000,00820
233,16000277076,627111,"General Mills, Inc.",Nature Valley,Nat Vly Sweet Salty Nut Gran Bars Pnt,N,N,,,16000,27707
234,16000277069,627114,"General Mills, Inc.",Nature Valley,Nat Vly Sweet Salty Nut Gran Bars Almond,N,N,,,16000,27706
235,15000012120,610145,Nestle HealthCare Nutrition Inc.,Gerber,Gerber 2nd Foods Chicken And Gravy,,,,,15000,01212
236,72745068300,518066,Perdue,Perdue,Perdue Boneless Skinless Chicken Breasts - 5 CT,,,,,72745,06830
237,50000429646,379800,Nestle Purina PetCare Company,Purina,Fancy Feast Ocean Whitefish & Tuna Feast Classic Gourmet Cat Food,,,,,50000,42964
238,25000055423,512229,Simply Orange Juice Company,Simply Orange,Simply Orange Orange Juice Pulp Free,,,,,25000,05542
239,72030000183,321572,"Bimbo Bakeries USA, Inc.",Entenmann's,Entenmann's Rich Frosted Donuts - 8 CT,,,,,72030,00018
240,21000615315,515854,Kraft Heinz Foods Company,Kraft,Kraft Parmesan Cheese Grated,,,,,21000,61531
241,50000421541,456388,Nestle Purina PetCare Company,Purina,Purina Friskies Pate Mixed Grill,,,,,50000,42154
242,38000391187,557747,Kellogg Sales Co.,Froot Loops,Froot Loops Cereal,,,,,38000,39118
243,41164000222,623082,"Ateeco, Inc.",Mrs. T's,Mrs. T's Pierogies Classic Cheddar - 12 CT,,,,,41164,00022
244,71040021188,515031,Kraft Heinz Foods Company,Polly-O,Polly-O Ricotta Cheese Original,,,,,71040,02118
245,16000141551,627821,"General Mills, Inc.",Cheerios,Honey Nut Cherrios,,,,,16000,14155
246,16000264601,627862,"General Mills, Inc.",Nature Valley,Nat Vly Crnchy Gran Bars Oats N Hny,N,N,,,16000,26460
247,78902411200,517170,"Tribe Mediterranean Foods, Inc.",Tribe,Tribe Hummus Everything,,,,,78902,41120
248,38000001109,609779,Kellogg Sales Co.,Kellogg's,Kellogg's Corn Flakes Cereal,,,,,38000,00110
249,18000001590,628325,"General Mills, Inc.",Pillsbury,Plsbry Grands Cinn Rolls Cinnabon Cinn Original Icing,N,N,,,18000,00159
250,44700360354,507764,"Kraft Foods, Inc.",Lunchables,Lunchables Lunch Combinations Nachos Cheese Dip & Salsa,,,,,44700,36035
251,38000576003,609669,Kellogg Sales Co.,Kellogg's,Kellogg's Special K Cereal Vanilla Almond,,,,,38000,57600
252,13000796309,376586,H.J. Heinz Company,Heinz,Heinz Fat Free Gravy Homestyle Roasted Turkey,,,,,13000,79630
253,41331021630,28846,"Goya Foods, Inc.",Goya,Goya Coco Cream of Coconut,,,,,41331,02163
254,73040004055,641602,"Bimbo Bakeries USA, Inc.",Beefsteak,Beefsteak Bread Soft Rye,,,,,73040,00405
256,36632037534,366203,"The Dannon Company, Inc.",Light & Fit Greek,Dannon Light & Fit Greek Yogurt Strawberry Cheesecake,,,,,36632,03753
257,50000429547,380652,Nestle Purina PetCare Company,Purina,Fancy Feast Tender Beef Feast Classic Gourmet Cat Food,,,,,50000,42954
258,50000103683,369680,Nestle Purina PetCare Company,Friskies,Purina Friskies Savory Shreds with Ocean Whitefish & Tuna in Sauce Cat Food,,,,,50000,10368
259,28400055970,301704,"Frito-Lay, Inc.",Tostitos,Tostitos Chunky Salsa Mild,,,,,28400,05597
260,44500341720,416748,Hillshire Brands Company,Hillshire Farm,Hillshire Farm Turkey Polska Kielbasa,,,,,44500,34172
261,72030000213,474675,"Bimbo Bakeries USA, Inc.",Entenmann's,Entenmann's All Butter Loaf Cake,,,,,72030,00021
263,18000002115,627150,"General Mills, Inc.",Pillsbury,Pills Grands Flky Lyrs Biscuits Btr Tastin,N,N,,,18000,00211
264,44700066621,487994,Kraft Heinz Foods Company,Oscar Mayer,Oscar Mayer Fully Cooked Bacon Thick Cut,,,,,44700,06662
265,49000004632,324362,The Coca-Cola Company,Coca-Cola,Coca-Cola Glass Bottle,,,,,49000,00463
266,18000287949,628169,"General Mills, Inc.",Pillsbury,Pills Pie Crusts,N,N,,,18000,28794
267,43000206515,383015,"Kraft Foods, Inc.",JELL-O,Jell-O Cook & Serve Pudding & Pie Filling Chocolate,,,,,43000,20651
268,38000318290,609784,Kellogg Sales Co.,Kellogg's,Kellogg's Frosted Mini Wheats Original,,,,,38000,31829
269,49000024708,603485,The Coca-Cola Company,Sprite,Sprite Lemon Lime Soda - 6 PK,,,,,49000,02470
271,11193131013,380844,Perri Sausage Company,Perri,Perri Italian Sausage Sweet,,,,,11193,13101
272,70085060121,515142,Kraft Heinz Foods Company,Bagel Bites,Bagel Bites Mini Bagels Cheese & Pepperoni - 9 CT,,,,,70085,06012
273,49000045239,435780,The Coca-Cola Company,Powerade,Powerade Ion4 Grape,,,,,49000,04523
274,41331024655,459137,"Goya Foods, Inc.",Goya,Goya Black Beans,,,,,41331,02465
275,54000150296,505280,"Kimberly-Clark Global Sales, LLC.",Scott's,Scott Unscented Bathroom Tissue - 20 Rolls,,,,,54000,15029
277,54400000054,515659,International Gourmet Specialties Company,A.1.,A.1. Steak Sauce,,,,,54400,00005
278,44700006740,556514,Kraft Heinz Foods Company,Lunchables,Lunchables Lunch Combinations Turkey & American Cracker Stackers,,,,,44700,00674
282,33400601799,359827,New World Pasta Company,San Giorgio,San Giorgio No. 79 Lasagna,,,,,33400,60179
283,21000658930,436663,Kraft Heinz Foods Company,Kraft,Kraft Velveeta Shells & Cheese,,,,,21000,65893
284,29700001414,359721,"Idahoan Foods, LLC",Idahoan,Idahoan Mashed Potatoes Buttery Homestyle,,,,,29700,00141
285,50000429448,381472,Nestle Purina PetCare Company,Fancy Feast,Fancy Feast Savory Salmon Feast Classic Gourmet Cat Food,,,,,50000,42944
286,50000423248,456395,Nestle Purina PetCare Company,Purina,Purina Friskies Pate Country Style Dinner,,,,,50000,42324
288,70796300035,393780,"Cento Fine Foods, Inc.",Cento,Cento All Purpose Crushed Tomatoes,,,,,70796,30003
289,21000005222,360178,"Kraft Foods, Inc.",Cracker Barrel,Cracker Barrel Reduced Fat Cheddar Cheese Extra Sharp,,,,,21000,00522
290,54800031764,390807,"Mars, Inc.",Uncle Ben's,Uncle Ben's Ready Rice Original,,,,,54800,03176
291,21000612475,449060,Kraft Heinz Foods Company,Philadelphia,Philadelphia Cream Cheese 1/3 Less Fat,,,,,21000,61247
292,14100070337,642354,Pepperidge Farm Tim Tam,Pepperidge Farm®,"Pepperidge Farm Farmhouse® Oatmeal Bread, 24 oz. Bag",,,Y,,14100,07033
293,34500151368,620653,Land O'Lakes Inc.,Land O'Lakes,Land O Lakes Butter Sticks - 4 CT,,,,,34500,15136
294,51500012291,33851,The J.M. Smucker Company,Smucker's,Smucker's Seedless Strawberry Jam,,,,,51500,01229
295,37466015842,82742,Lindt & Sprungli,Lindt,Lindt Lindor Milk Chocolate Truffles,,,,,37466,01584
296,78000146455,438005,Dr Pepper Snapple Group,Canada Dry,Canada Dry Club Soda Sodium Free,,,,,78000,14645
298,24842011314,366900,Buitoni North America,Buitoni,Buitoni Linguine,,,,,24842,01131
299,50000102068,378371,Nestle Purina PetCare Company,Fancy Feast,Fancy Feast Salmon & Shrimp Feast In Gravy Grilled Gourmet Cat Food,,,,,50000,10206
300,33400612801,396454,New World Pasta Company,Light 'n Fluffy,Light 'n Fluffy Extra Wide Enriched Egg Noodles,,,,,33400,61280
301,70470003238,627592,"General Mills, Inc.",Yoplait,Yoplait Original Lf Ygrt Frnch Vanilla,N,N,,,70470,00323
302,14100070832,642357,Pepperidge Farm Tim Tam,Pepperidge Farm®,"Pepperidge Farm Farmhouse® Hearty White Bread, 24 oz. Bag",,,Y,,14100,07083
303,49000055399,322710,The Coca-Cola Company,Diet Coke,Diet Coke,,,,,49000,05539
305,16000141544,627276,"General Mills, Inc.",Cinnamon Toast Crunch,Cinnamon Toast Crunch Cereal,,,,,16000,14154
306,31200016058,459169,"Ocean Spray Cranberries, Inc.",Ocean Spray,Ocean Spray Jellied Cran,,,,,31200,01605
307,70470003078,627659,"General Mills, Inc.",Yoplait,Yoplait Original Lf Ygrt Harvest Peach,N,N,,,70470,00307
308,25000055430,388846,Simply Orange Juice Company,Simply Orange,Simply Orange Orange Juice Pulp Free with Calcium & Vitamin D,,,,,25000,05543
309,44000002251,607842,Mondelez Global LLC,Wheat Thins,Wheat Thins Family Size Original,,,,,44000,00225
312,48000002457,389790,Chicken of the Sea International,Chicken of the Sea,Chicken of the Sea Chunk Light Tuna in Water,,,,,48000,00245
313,28400564663,503778,Stacy's Pita Chip Company Inc.,Stacy's,Stacy's Pita Chips Cinnamon Sugar,,,,,28400,56466
314,21000615414,515850,Kraft Heinz Foods Company,Kraft,Kraft Parmesan & Romano Cheese Grated,,,,,21000,61541
315,48121277079,631201,"Bimbo Bakeries USA, Inc.",Thomas',Thomas' Pre-Sliced Bagels Plain,,,,,48121,27707
316,70470006512,628074,"General Mills, Inc.",Yoplait,Yoplait Lt Ff Ygrt Red Rspbry,N,N,,,70470,00651
317,41331027878,77190,"Goya Foods, Inc.",Goya,Goya Coconut Water with Pulp,,,,,41331,02787
318,54000363719,492944,Kimberly-Clark Corp.,Scott,Scott Paper Towels Mega Rolls - 15 CT,,,,,54000,36371
319,43000206911,390461,"Kraft Foods, Inc.",JELL-O,Jell-O Cook & Serve Pudding & Pie Filling Chocolate,,,,,43000,20691
320,19800036638,394161,The Dial Corporation,Renuzit,Renuzit Gel Air Freshener After The Rain,,,,,19800,03663
321,21000604654,560845,Kraft Heinz Foods Company,Kraft,Kraft Singles White American Slices - 16 CT,,,,,21000,60465
323,13000001243,549212,H.J. Heinz Company,Heinz,Heinz Tomato Ketchup,,,,,13000,00124
324,44700361146,514688,Kraft Heinz Foods Company,Lunchables,Lunchables Lunch Combinations Extra Cheesy Pizza,,,,,44700,36114
325,48121102081,628724,"Bimbo Bakeries USA, Inc.",Thomas',Thomas' English Muffins Original,,,,,48121,10208
326,14100085508,620901,Pepperidge Farm Tim Tam,Pepperidge Farm® Goldfish®,"Pepperidge Farm® Goldfish® Original Crackers, 6.6 oz. Bag",,,Y,,14100,08550
327,44000030391,607844,Mondelez Global LLC,Wheat Thins,Nabisco Wheat Thins Reduced Fat,,,,,44000,03039
328,49000050110,335657,The Coca-Cola Company,Diet Coke,Diet Coke,,,,,49000,05011
329,19600045809,380807,Pinnacle Foods Group LLC,Celeste,Celeste Pizza For One Deluxe,,,,,19600,04580
330,73491202000,620831,"Kozy Shack Enterprises, Inc.",Kozy Shack,Kozy Shack Tapioca Pudding Original Recipe - 6 CT,,,,,73491,20200
332,14100085980,603598,"Pepperidge Farm, Inc.",PEPPERIDGE FARM,Pepperidge Farm Whole Grain Bread 15 Grain,,,,,14100,08598
333,70470137728,628213,"General Mills, Inc.",Yoplait,Yoplait Gogurt Lf Ygrt Cotton Cndy/Strwbry,N,N,,,70470,13772
334,41129010037,362406,New World Pasta Company,Prince,Prince Spaghetti Pasta,,,,,41129,01003
336,38000391200,609768,Kellogg Sales Co.,Kellogg's,Kellogg's Froot Loops Sweetened Multi-Grain Cereal,,,,,38000,39120
337,35000446763,410602,Colgate-Palmolive Company,Ajax,Ajax Dish Liquid Tropical Lime Twist,,,,,35000,44676
338,38000596551,557749,Kellogg Sales Co.,Frosted Flakes,Frosted Flakes Cereal,,,,,38000,59655
339,50000421848,456394,Nestle Purina PetCare Company,Purina,Purina Friskies Pate Turkey & Giblets Dinner,,,,,50000,42184
340,70470486055,627775,"General Mills, Inc.",Yoplait,Yoplait Grk 100 Prtn Ff Ygrt Strwbry Banana,N,N,,,70470,48605
341,70470476391,627539,"General Mills, Inc.",Yoplait,Yoplait Grk 100 Prtn Ff Ygrt Strwbry Chsck,N,N,,,70470,47639
342,49000005943,321504,The Coca-Cola Company,Diet Coke,Diet Coke - 8 PK,,,,,49000,00594
344,70470455785,628323,"General Mills, Inc.",Yoplait,Yoplait Grk 100 Prtn Ff Ygrt Blbry,N,N,,,70470,45578
345,70470435794,628047,"General Mills, Inc.",Yoplait,Yoplait Grk 100 Prtn Ff Ygrt Black Cherry,N,N,,,70470,43579
346,16000197268,628101,"General Mills, Inc.",Betty Crocker,Bty Crk Favorites Brownie Mix Fudge,N,N,,,16000,19726
347,44700360019,518037,Kraft Heinz Foods Company,Lunchables,Lunchables Cracker Stackers Turkey & American,,,,,44700,36001
349,70470433295,628167,"General Mills, Inc.",Yoplait,Yoplait Grk 100 Prtn Ff Ygrt Vanilla,N,N,,,70470,43329
351,28400564632,510346,Stacy's Pita Chip Company Inc.,Stacy's,Stacy's Pita Chips Simply Naked,,,,,28400,56463
352,41196010220,628280,"General Mills, Inc.",Progresso,Progresso Vgtbl Clscs Soup Lentil,N,Y,,,41196,01022
353,41331124355,368445,"Goya Foods, Inc.",Goya,Goya Dark Kidney Beans,,,,,41331,12435
355,33400612825,399026,New World Pasta Company,Light 'n Fluffy,Light 'n Fluffy Medium Enriched Egg Noodles,,,,,33400,61282
356,16000277007,627379,"General Mills, Inc.",Fruit By The Foot,Bty Crk Frt By The Ft Frt Flvrd Sncks Berry Tie Dye,N,N,,,16000,27700
357,50000429240,400043,Nestle Purina PetCare Company,Fancy Feast,Fancy Feast Chopped Grill Feast Classic Gourmet Cat Food,,,,,50000,42924
358,37000127840,559852,Procter & Gamble Company,Gain,Gain Laundry Detergent Original,,,,,37000,12784
360,47800330111,396147,B&G Foods,B&M,B&M Original Baked Beans,,,,,47800,33011
361,48121216573,632590,"Bimbo Bakeries USA, Inc.",Thomas',Thomas' Mini Bagels Plain,,,,,48121,21657
362,14100085997,603683,"Pepperidge Farm, Inc.",PEPPERIDGE FARM,Pepperidge Farm Whole Grain Bread 100% Whole Wheat,,,,,14100,08599
363,21000026494,515833,Kraft Heinz Foods Company,Miracle Whip,Miracle Whip Dressing Original,,,,,21000,02649
364,41331024761,513114,"Goya Foods, Inc.",Goya,Goya Lentils,,,,,41331,02476
365,72030013428,631801,"Bimbo Bakeries USA, Inc.",Entenmann's,Entenmann's Little Bites Brownies Fudge,,,,,72030,01342
366,50000292592,378515,Nestle Purina PetCare Company,Fancy Feast,Fancy Feast Gravy Lovers Salmon & Sole Feast Gourmet Cat Food,,,,,50000,29259
367,86600009254,375444,"Bumble Bee Foods, LLC",Bumble Bee,Bumble Bee Solid White Albacore Premium Tuna In Water - 4 PK,,,,,86600,00925
368,80000495242,391552,StarKist Co.,StarKist,StarKist Chunk Light Tuna in Water,,,,,80000,49524
369,73731004159,441062,Gruma Corporation,Mission,Mission Flour Tortillas Soft Taco Super Soft - 10 CT,,,,,73731,00415
370,47500004459,556303,Bridgford Foods Corporation,Bridgford,Bridgford Pepperoni,,,,,47500,00445
372,49200051009,605687,"Domino Foods, Inc.",Domino,Domino Confectioners Sugar Pure Cane,,,,,49200,05100
373,41800715008,407141,Welch's,Welch's,Welch's Sparkling Non-Alcoholic Juice Cocktail White Grape,,,,,41800,71500
374,20169222334,516872,Crystal Farms,Simply Potatoes,Simply Potatoes Shredded Hash Browns,,,,,20169,22233
375,25500003849,513211,The Folger Coffee Company,Folgers,Folgers 100% Colombian Ground Coffee Med-Dark,,,,,25500,00384
376,14800000238,545579,Mott's LLP,Mott's,Mott's Applesauce Cups Cinnamon - 6 CT,,,,,14800,00023
377,18000002108,643109,"General Mills, Inc.",Pillsbury,Plsbry Grands Flky Lyrs Biscuits Btrmilk 8 Ct,N,N,,,18000,00210
378,28400096324,503775,Stacy's Pita Chip Company Inc.,Stacy's,Stacy's Pita Chips Simply Naked,,,,,28400,09632
379,21000615261,363183,Kraft Heinz Foods Company,Kraft,Kraft Singles American - 24 CT,,,,,21000,61526
380,11233087119,319527,Table Talk Pies Inc.,Table Talk,Table Talk Pie Lemon,,,,,11233,08711
381,16000189102,643271,"General Mills, Inc.",Betty Crocker,Bty Crk Frt Rollups Frt Flvrd Sncks Var Pk,N,N,,,16000,18910
382,24000162865,503903,Del Monte Foods,Del Monte,Del Monte Fresh Cut Green Beans,,,,,24000,16286
383,31000307448,482509,ConAgra Foods Inc.,Banquet,Banquet Brown 'N Serve Sausage Links Original - 10 Ct,,,,,31000,30744
384,16000106109,628563,"General Mills, Inc.",Gold Medal,Gold Medal Ap Flour Bl/En/Ps,N,N,,,16000,10610
386,52100006260,513282,"McCormick & Co., Inc.",McCormick,McCormick Garlic Powder,,,,,52100,00626
387,41740000035,397747,Gold's Pure Foods LLC.,Gold's,Gold's Prepared Horseradish,,,,,41740,00003
388,50000585700,274440,Nestle Purina PetCare Company,Fancy Feast,Fancy Feast Medleys Gourmet Cat Food Whitefish & Shrimp Recipe in Gravy,,,,,50000,58570
389,16000275683,628264,"General Mills, Inc.",General Mills,Gmills Coc Puffs Frstd Corn Puffs Cereal Lrg Sz,N,N,,,16000,27568
391,54000363740,563169,Kimberly-Clark Corp.,Scott,Scott Extra Soft Bath Tissue Mega Rolls - 20 CT,,,,,54000,36374
392,36000373905,442602,"Kimberly-Clark Global Sales, LLC.",Kleenex,Kleenex Trusted Care 2-Ply Tissues - 160 CT,,,,,36000,37390
393,50000429943,380385,Nestle Purina PetCare Company,Fancy Feast,Fancy Feast Chicken Feast Classic Gourmet Cat Food,,,,,50000,42994
394,76301845046,389244,"Apple & Eve, L.L.P.",Apple & Eve,Apple & Eve 100% Apple Juice - 6 CT,,,,,76301,84504
395,83900005757,603769,The Coca-Cola Company,Gold Peak,Gold Peak Tea Sweet Tea,,,,,83900,00575
396,70847811268,517468,Monster Energy Company,Monster,Monster Lo-Carb Energy Drink,,,,,70847,81126
397,50000434640,380524,Nestle Purina PetCare Company,Fancy Feast,Fancy Feast Chicken Hearts & Liver Feast In Gravy Sliced Gourmet Cat Food,,,,,50000,43464
398,41196914016,627247,"General Mills, Inc.",Progresso,Progresso Rch Hrty Soup Chckn Hmstyl Noodles,,,,,41196,91401
399,54800030774,442709,"MARS Food US, LLC",Uncle Ben's,Uncle Ben's Ready Rice Long Grain & Wild,,,,,54800,03077
400,41333825014,442653,Procter & Gamble Company,Duracell,Duracell Coppertop AA Batteries - 8 CT,,,,,41333,82501
401,36000373875,442889,Kimberly-Clark Corp.,Kleenex,Kleenex 2-Ply White Tissues - 3 PK,,,,,36000,37387
402,36000373875,442889,"Kimberly-Clark Global Sales, LLC.",Kleenex,Kleenex Trusted Care Tissues - 3 PK,,,,,36000,37387
403,46000295497,628330,"General Mills, Inc.",Old El Paso,Old El Paso Hard/Soft Taco Dnr Kit Twin Pk,N,N,,,46000,29549
404,72030002378,363739,"Entenmann's, Inc.",Entenmann's,Entenmann's Raspberry Danish Twist,,,,,72030,00237
405,50000100422,372766,Nestle Purina PetCare Company,Friskies,Purina Friskies Prime Filets with Salmon & Beef in Sauce Cat Food,,,,,50000,10042
406,46000287324,628461,"General Mills, Inc.",Old El Paso,Old El Paso Dnr Kit Soft Taco,N,N,,,46000,28732
407,72180639837,556022,"Schwan's Consumer Brands, Inc.",Freschetta,Freschetta Naturally Rising Crust Pizza Four Cheese,,,,,72180,63983
408,41789001253,300601,"Maruchan, Inc.",Maruchan,Maruchan Instant Lunch with Shrimp Ramen Noodle Soup,,,,,41789,00125
409,78000214161,449710,"Dr Pepper/Seven Up, Inc.",Schweppes,Schweppes Sparkling Seltzer Water Original - 12 PK,,,,,78000,21416
410,16000457010,627222,"General Mills, Inc.",Fiber One,F1 Bkd Bars Cinn Coffee Cake,N,N,,,16000,45701
411,76183643570,509093,Snapple Beverage Corp.,Snapple,Diet Snapple Peach Tea,,,,,76183,64357
412,71040065045,362627,Pollio Italian Cheese Company,Polly-O,Polly-O Natural Srting Cheese Mozzarella - 12 CT,,,,,71040,06504
413,20000001104,397752,B&G Foods,Green Giant,Green Giant Steamers Niblets Corn & Butter Sauce Lightly Sauced,,,,,20000,00110
415,16000423718,627380,"General Mills, Inc.",Fiber One,F1 Brownies Choc Fudge Brownie,N,N,,,16000,42371
416,13000001137,377754,H.J. Heinz Company,Heinz,Heinz Cocktail Sauce Original,,,,,13000,00113
417,44100101076,449940,"HP Hood, LLC",Hood,Hood Golden Egg Nog,,,,,44100,10107
418,44700024553,556520,Kraft Heinz Foods Company,Lunchables,Lunchables Turkey & Cheddar,,,,,44700,02455
419,16000141599,628230,"General Mills, Inc.",Cheerios,Cheerios,,,,,16000,14159
420,52100090306,370522,"McCormick & Co., Inc.",McCormick,McCormick Turkey Gravy Mix,,,,,52100,09030
421,41234113760,382026,"McCormick & Co., Inc.",McCormick,McCormick Cocktail Sauce for Seafood Original,,,,,41234,11376
422,16000306509,628172,"General Mills, Inc.",Betty Crocker,Bty Crk Cookie Mix Choc Chip,N,N,,,16000,30650
423,36000374032,518141,"Kimberly-Clark Global Sales, LLC.",Kleenex,Kleenex Cars 3Trusted Care Tissues - 80 CT,,,,,36000,37403
424,33400601195,379650,New World Pasta Company,San Giorgio,San Giorgio No. 19 Linguine,,,,,33400,60119
425,36000287905,614833,"Kimberly-Clark Global Sales, LLC.",Viva,Viva Paper Towels - 2 CT,,,,,36000,28790
426,51000075468,620977,Pepperidge Farm Tim Tam,Pepperidge Farm®,"Pepperidge Farm® Frozen Garlic Garlic Bread, 10 oz. Bag",,,Y,,51000,07546
428,25500204215,513613,The Folger Coffee Company,Folgers,Folgers Classic Roast Ground Coffee Medium,,,,,25500,20421
429,49000050127,444758,The Coca-Cola Company,Coca-Cola,Coca-Cola Caffeine Free,,,,,49000,05012
430,31000184643,482501,ConAgra Foods Inc.,Banquet,Banquet Brown 'N Serve Sausage Patties Original - 8 CT,,,,,31000,18464
433,49000024685,340874,The Coca-Cola Company,Coca-Cola,Coca-Cola - 6 PK,,,,,49000,02468
434,50000573660,390542,Nestle Purina PetCare Company,Fancy Feast,Fancy Feast Medleys Gourmet Cat Food White Meat Chicken Tuscany in a Savory Sauce,,,,,50000,57366
435,49000045734,444895,The Coca-Cola Company,Powerade,Powerade Ion4 Sports Drink Lemon Lime,,,,,49000,04573
436,36632032737,444494,"The Dannon Company, Inc.",Dannon,Dannon Light & Fit Greek Yogurt Vanilla,,,,,36632,03273
437,73410013755,630092,"Bimbo Bakeries USA, Inc.",Arnold,Arnold Whole Grains Bread 100% Whole Wheat,,,,,73410,01375
438,80000006745,135601,StarKist Co.,StarKist,StarKist Chunk Light Tuna in Vegetable Oil,,,,,80000,00674
439,75720000050,461954,Nestle Waters North America Inc.,Poland Spring,Poland Spring Natural Spring Water,,,,,75720,00005
440,34500194105,620711,Land O'Lakes Inc.,Land O'Lakes,Land O'Lakes Whipped Butter Salted,,,,,34500,19410
441,71300000762,380838,New World Pasta Company,Ronzoni,Ronzoni No. 76 Penne Rigate,,,,,71300,00076
442,28400011099,407253,"Frito-Lay, Inc.",Smartfood,Smartfood Popcorn White Cheddar Cheese - 12 PK,,,,,28400,01109
444,38000001208,609780,Kellogg Sales Co.,Kellogg's,Kellogg's Corn Flakes Cereal,,,,,38000,00120
446,50000582167,274417,Nestle Purina PetCare Company,Purina,Purina Friskies Tasty Treasures Cat Food Ocean Fish Dinner With Cheese Pate,,,,,50000,58216
447,49000014631,603900,The Coca-Cola Company,Coca-Cola,Coca-Cola - 20 CT,,,,,49000,01463
448,52100091501,396690,"McCormick & Co., Inc.",McCormick,McCormick Chili Original Seasoning Mix,,,,,52100,09150
449,33776011710,398835,GFA Brands Inc.,Earth Balance,Earth Balance Organic Whipped Buttery Spread,Y,,,Y,33776,01171
450,13000798501,401507,H.J. Heinz Company,Heinz,Heinz Gravy Homestyle Bistro Au Jus,,,,,13000,79850
451,72030002255,399718,"Orograin Bakeries Products, Inc.",Entenmann's,Entenmann's Classic Crumb Coffee Cake,,,,,72030,00225
452,49000028904,415566,The Coca-Cola Company,Coca-Cola,Coca-Cola - 12 PK,,,,,49000,02890
453,36632011039,445230,"The Dannon Company, Inc.",Dannon,Dannon Oikos Nonfat Yogurt Crunch Coconut Chocolate Crumble,,,,,36632,01103
454,16000159105,627156,"General Mills, Inc.",Fruit Gushers,Bty Crk Frt Gushers Frt Flvrd Sncks Strwbry Splsh/Tropical,N,N,,,16000,15910
455,50000573950,381333,Nestle Purina PetCare Company,Purina,Purina Friskies Indoor In Gravy Chunky Chicken & Turkey Casserole With Garden Greens,,,,,50000,57395
456,44700006771,514790,Kraft Heinz Foods Company,Lunchables,Lunchables Cracker Stackers Ham & American,,,,,44700,00677
457,33400601768,380940,New World Pasta Company,San Giorgio,San Giorgio No. 76 Rotini,,,,,33400,60176
458,50000429349,399478,Nestle Purina PetCare Company,Fancy Feast,Fancy Feast Seafood Feast Classic Gourmet Cat Food,,,,,50000,42934
459,36200004401,446541,"Mizkan Americas, Inc.",Ragu,"Ragu Chunky Tomato, Garlic & Onion Sauce",,,,,36200,00440
460,44500341225,416116,Hillshire Brands Company,Hillshire Farm,Hillshire Farm Polska Kielbasa,,,,,44500,34122
461,23000351453,340235,"GLK Foods, LLC",Silver Floss,Silver Floss Shredded Sauerkraut,,,,,23000,35145
462,21000055173,510531,Kraft Heinz Foods Company,Kraft,Kraft Natural Cheese Shredded Sharp White Cheddar,,,,,21000,05517
463,14100071112,606692,Pepperidge Farm Tim Tam,Pepperidge Farm® Swirl,"Pepperidge Farm® Swirl Raisin Cinnamon Breakfast Bread, 16 oz. Loaf",,,Y,,14100,07111
464,70470433325,628233,"General Mills, Inc.",Yoplait,Yoplait Grk 100 Prtn Ff Ygrt Strwbry,N,N,,,70470,43332
465,14100071617,620823,Pepperidge Farm Tim Tam,Pepperidge Farm® Bakery Classics,"Pepperidge Farm® Bakery Classics Sesame Topped Hamburger Buns, 15 oz. Bag, 8-pack",,,Y,,14100,07161
466,43301305191,641580,ConAgra Foods Inc.,Nathan's,Nathan's Famous Jumbo Crinkle Cut French Fries!,,,,,43301,30519
467,50000428748,381176,Nestle Purina PetCare Company,Fancy Feast,Fancy Feast Gourmet Cat Food Fish & Shrimp Feast Flaked,,,,,50000,42874
468,43000042090,510551,Kraft Heinz Foods Company,JELL-O,JELL-O Pudding Snacks Chocolate - 4 CT,,,,,43000,04209
469,14100071877,620824,Pepperidge Farm Tim Tam,Pepperidge Farm® Bakery Classics,"Pepperidge Farm® Bakery Classics Soft White Hamburger Buns, 14.5 oz. Bag, 8-pack",,,Y,,14100,07187
470,70328005230,371883,"McCormick & Co., Inc.",Old Bay,Old Bay Seasoning,,,,,70328,00523
471,44000032197,388790,"Kraft Foods, Inc.",Chips Ahoy!,Nabisco Chips Ahoy! Chocolate Chip Cookies,,,,,44000,03219
472,41262284432,471889,"Wise Foods, Inc.",WISE,Wise Cheese Doodles Bakes Puffs Cheddar,,,,,41262,28443
473,48000033550,372640,Chicken of the Sea International,Chicken of the Sea,Chicken of the Sea Chunk White Albacore Tuna in Water,,,,,48000,03355
474,72945705449,628730,"Bimbo Bakeries USA, Inc.",Sara Lee,Sara Lee Bread White made with Whole Grain,,,,,72945,70544
475,20735110577,447468,Turkey Hill Dairy,Turkey Hill,Turkey Hill Premium Ice Cream Box Of Chocolates,,,,,20735,11057
476,73731004197,447644,Gruma Corporation,Mission,Mission Flour Tortillas Large Burrito Super Soft - 8 CT,,,,,73731,00419
477,73410003053,630145,"Bimbo Bakeries USA, Inc.",Arnold,Arnold Country Bread White,,,,,73410,00305
478,38900001438,492655,Dole Packaged Foods. LLC,Dole,Dole Pineapple Slices In 100% Pineapple Juice,,,,,38900,00143
479,44700092408,514755,Kraft Heinz Foods Company,Claussen,Claussen Kosher Dill Spears,,,,,44700,09240
480,50000293278,199384,Nestle Purina PetCare Company,Friskies,Friskies SauceSations Cat Food Beef in Creamy Sauce,,,,,50000,29327
481,48121276201,628751,"Bimbo Bakeries USA, Inc.",Thomas',Thomas' Light English Muffins Multigrain,,,,,48121,27620
482,50000424443,456400,Nestle Purina PetCare Company,Purina,Purina Friskies Pate Chicken & Tuna Dinner,,,,,50000,42444
483,38000317200,541615,Kellogg Sales Co.,Pop-Tarts,Kellogg's Pop-Tarts Frosted Strawberry - 12 CT,,,,,38000,31720
484,50000292639,380749,Nestle Purina PetCare Company,Fancy Feast,Fancy Feast Gravy Lovers Chicken & Beef Feast Gourmet Cat Food,,,,,50000,29263
485,29700001452,362253,"Idahoan Foods, LLC",Idahoan,Idahoan Mashed Potatoes Four Cheese,,,,,29700,00145
486,38000391255,610161,Kellogg Sales Co.,Kellogg's,Kellogg's Froot Loops Sweetened Multi-Grain Cereal,,,,,38000,39125
487,24100106851,477533,Kellogg Company,Cheez-It,Cheez-It Baked Snack Crackers Original,,,,,24100,10685
488,30100506560,477518,Kellogg Company,Town House,Keebler Town House Flatbread Crisps Sea Salt & Olive Oil,,,,,30100,50656
489,80000006738,391975,StarKist Co.,StarKist,StarKist Chunk Light Tuna in Water,,,,,80000,00673
491,78000153453,604024,"Dr Pepper/Seven Up, Inc.",Canada Dry,Canada Dry Tonic Water,,,,,78000,15345
492,78000082395,489837,"Dr Pepper/Seven Up, Inc.",Dr Pepper,Dr Pepper,,,,,78000,08239
496,40000000327,319094,"MARS Chocolate North America, LLC",M&M's,M&M's Peanut Chocolate Candies,,,,,40000,00032
497,34000146000,560624,The Hershey Company,Hershey's,Hershey's Kitchens Milk Chocolate Chips,,,,,34000,14600
498,41331049429,76834,"Goya Foods, Inc.",Goya,Goya Maria Cookies,,,,,41331,04942
499,33400601089,380920,New World Pasta Company,San Giorgio,San Giorgio No. 8 Spaghetti,,,,,33400,60108
500,43000955314,508139,"Kraft Foods, Inc.",Kool-Aid,Kool-Aid Unsweetened Drink Mix Orange,,,,,43000,95531
501,29000073258,515760,Kraft Heinz Foods Company,Planters,Planters Dry Roasted Peanuts,,,,,29000,07325
502,39000018920,369441,B&G Foods,Ortega,Ortega Taco Sauce Original Thick & Smooth Medium,,,,,39000,01892
503,50000570584,379911,Nestle Purina PetCare Company,Fancy Feast,Fancy Feast Medleys Shredded Tuna Fare Cat Food,,,,,50000,57058
505,28300004054,419793,Shamrock Foods Company,Shamrock Farms,Shamrock Farms Rockin' Refuel Protein Milk Beverage Chocolate,,,,Y,28300,00405
506,13130006125,393513,B&G Foods,Cream Of Wheat,Cream Of Wheat Hot Cereal 2 1/2 Minute,,,,,13130,00612
507,36200219294,397488,"Mizkan Americas, Inc.",Bertolli,Bertolli Alfredo Sauce,,,,,36200,21929
508,71330601496,624069,"Bimbo Bakeries USA, Inc.",Freihofer's,Freihofer's Bread Country 100% Whole Wheat,,,,,71330,60149
509,48500018309,420560,Tropicana Manufacturing Company,Tropicana,Tropicana 100% Orange Juice Calcium + Vitamin D No Pulp,,,,,48500,01830
510,13900500518,419968,"Brady Enterprises, Inc.",Bell's,Bell's Traditional Stuffing,,,,,13900,50051
511,73406627508,388229,Sweetzels Foods,Sweetzels,Sweetzels Spiced Wafers,,,,,73406,62750
512,50000426942,402026,Nestle Purina PetCare Company,Fancy Feast,Fancy Feast Gourmet Cat Food Chicken Feast Chunky,,,,,50000,42694
514,79606010256,481742,Camino Real Kitchens,Tina's,Tina's Burrito Beef & Bean,,,,,79606,01025
515,44000032234,607454,Nabisco Biscuit Company,Chips Ahoy!,Nabisco Chips Ahoy! Chewy Cookies,,,,,44000,03223
516,73410013557,630093,"Bimbo Bakeries USA, Inc.",Arnold,Arnold Whole Grains Bread Oatnut,,,,,73410,01355
517,37000401544,392107,Procter & Gamble Company,Cascade,Cascade Clorox Dishwasher Detergent Lemon Scent,,,,,37000,40154
518,73410135464,632594,"Bimbo Bakeries USA, Inc.",Arnold,Arnold Sandwich Thins 100% Whole Wheat Rolls,,,,,73410,13546
519,37000320241,641321,Procter & Gamble Company,Crest,Crest Fluoridge Anticavity Toothpaste Baking Soda & Peroxide Whitening Fresh Mint,,,,,37000,32024
520,17800145954,399959,Nestle Purina PetCare Company,Purina One,Purina One Grain Free Cat Food Classic Beef Recipe,,,,,17800,14595
521,82657411576,422710,Nestle Waters North America Inc.,Deer Park,Deer Park Natural Spring Water Singles - 12 CT,,,,,82657,41157
522,54000122194,490761,Kimberly-Clark Corp.,Scott,Scott Paper Towels Choose-A-Sheet Mega Rolls - 8 CT,,,,,54000,12219
523,79100512546,379931,Big Heart Pet Brands,Canine Carry Outs,Canine Carry Outs Dog Snacks Beef Flavor,,,,,79100,51254
524,28400083591,379821,"Frito-Lay, Inc.",Smartfood,Smartfood Popcorn White Cheddar Cheese,,,,,28400,08359
525,78000003864,564658,"Dr Pepper/Seven Up, Inc.",Dr Pepper,Dr Pepper - 6 PK,,,,,78000,00386
526,71673021203,423655,"Orograin Bakeries Products, Inc.",Stroehmann,Stroehmann Dutch Country Bread Premium Potato Original Recipe,,,,,71673,02120
527,72979004167,603010,The Coca-Cola Company,Seagram's,Seagram's Ginger Ale - 12 PK,,,,,72979,00416
528,16000275119,628282,"General Mills, Inc.",Cocoa Puffs,Gmills Cocoa Puffs Frstd Corn Puffs Cereal,N,N,,,16000,27511
529,49000045758,423630,The Coca-Cola Company,Powerade,Powerade Ion4 Mountain Berry Blast,,,,,49000,04575
530,44000017774,607679,Mondelez Global LLC,Wheat Thins,Premium Saltine Crackers Minis Original,,,,,44000,01777
531,20735110577,423684,Turkey Hill Dairy,Turkey Hill,Turkey Hill Premium Ice Cream Pumpkin Pie,,,,,20735,11057
532,48121292089,631202,"Bimbo Bakeries USA, Inc.",Thomas',Thomas' Pre-Sliced Bagels Cinnamon Raisins,,,,,48121,29208
533,37600223188,392213,"Hormel Food Sales, LLC",Hormel,Hormel Chili With Beans,,,,,37600,22318
534,16000275324,628408,"General Mills, Inc.",Trix,Gmills Trix Lt Swtnd Crspy Corn Puffs Cereal,N,N,,,16000,27532
535,50000575008,380565,Nestle Purina PetCare Company,Fancy Feast,Fancy Feast Tender Turkey Feast Kitten Gourmet Cat Food,,,,,50000,57500
536,25000047862,386003,The Coca-Cola Company,Minute Maid,Minute Maid Premium Orange Juice Original,,,,,25000,04786
537,16000275652,627834,"General Mills, Inc.",Wheaties,Gmills Wheaties Tstd Whl Wht Flakes Cereal,N,N,,,16000,27565
538,50000424948,456397,Nestle Purina PetCare Company,Purina,Purina Friskies Pate Ocean Whitefish & Tuna Dinner,,,,,50000,42494
539,18000004010,627941,"General Mills, Inc.",Pillsbury,Plsbry Crescents Original,N,N,,,18000,00401
540,44700024119,518039,Kraft Heinz Foods Company,Lunchables,Lunchables Extra Cheesy Pizza,,,,,44700,02411
541,16000434738,628262,"General Mills, Inc.",Cinnamon Toast Crunch,Gmills Cinn Tst Crnch Sweetened Whl Wht Rice Cereal,,,,,16000,43473
542,50000040605,381724,Nestle Purina PetCare Company,Fancy Feast,Fancy Feast Turkey Feast In Gravy Grilled Gourmet Cat Food,,,,,50000,04060
543,41196010886,627704,"General Mills, Inc.",Progresso,Progresso Traditional Soup Chckn Noodle,N,N,,,41196,01088
544,39000008907,292538,B&G Foods,Ortega,Ortega Taco Sauce Original Thick & Smooth Mild,,,,,39000,00890
545,16000457232,627145,"General Mills, Inc.",Nature Valley,Nat Vly Prtn Chwy Bars Pnt Btr Dark Choc,N,N,,,16000,45723
546,33400612832,366381,New World Pasta Company,Light 'n Fluffy,Light 'n Fluffy Wide Enriched Egg Noodles,,,,,33400,61283
547,46000288758,628306,"General Mills, Inc.",Old El Paso,Old El Paso Taco Seas Mix Hot Spicy,N,N,,,46000,28875
548,46000811017,628094,"General Mills, Inc.",Old El Paso,Old El Paso Taco Shells Crnchy,N,N,,,46000,81101
549,70575040091,582462,"On-Cor Frozen Foods, LLC",On-Cor,On-Cor Traditionals Salisbury Steaks & Gravy - 6 CT,,,,,70575,04009
550,39000010214,243867,B&G Foods,Ortega,Ortega Diced Green Chiles Fire Roasted,,,,,39000,01021
551,14100070092,611182,Pepperidge Farm Tim Tam,Pepperidge Farm® Jewish Rye & Pumpernickel,"Pepperidge Farm® Jewish Rye & Pumpernickel Deli Swirl Bread, 16 oz. Bag",,,Y,,14100,07009
552,18000004201,628142,"General Mills, Inc.",Pillsbury,Plsbry Crescents 90Cal Rdcd Fat,N,N,,,18000,00420
553,37000348641,417560,Procter & Gamble Company,Puffs,Puffs Plus Lotion Tissues - 56 CT,,,,,37000,34864
554,33776011000,428121,Pinnacle Foods Group LLC,Smart Balance,Smart Balance Buttery Spread Original,,,,,33776,01100
555,44700019900,462581,Kraft Heinz Foods Company,Oscar Mayer,Oscar Mayer Bacon Thick Cut,,,,,44700,01990
556,44700019917,462595,Kraft Heinz Foods Company,Oscar Mayer,Oscar Mayer Bacon Lower Sodium,,,,,44700,01991
557,41789002311,300575,"Maruchan, Inc.",Maruchan,Maruchan Chicken Flavor Ramen Noodle Soup - 12 PK,,,,,41789,00231
558,21131504755,481844,ConAgra Foods Inc.,Marie Callender's,Marie Callender's Fettuccini With Chicken & Broccoli,,,,,21131,50475
560,43000046487,510463,Kraft Heinz Foods Company,Maxwell House,Maxwell House Medium Roast Ground Coffee The Original Roast,,,,,43000,04648
562,21000602698,358488,"Kraft Foods, Inc.",Kraft,Kraft Deli Deluxe Cheese Slices American - 24 CT,,,,,21000,60269
563,16000275034,627942,"General Mills, Inc.",Reese's Puffs,Gmills Reeses Puffs Swt Crnchy Corn Puffs Cereal,N,N,,,16000,27503
564,21000604647,510544,Kraft Heinz Foods Company,Kraft,Kraft Singles Cheese Slices American - 16 CT,,,,,21000,60464
566,36600813313,430083,Pfizer Consumer Healthcare,ChapStick,Chap Stick Skin Protectant Classic Original,,,,,36600,81331
567,22655303015,586441,Butterball,Butterball,Butterball Everyday Turkey Bacon Original,,,,,22655,30301
568,70272232041,482898,ConAgra Foods Inc.,Reddi Wip,Reddi Wip Sweetened Dairy Whipped Topping Original,,,,,70272,23204
569,49000050103,335651,The Coca-Cola Company,Coca-Cola,Coca-Cola,,,,,49000,05010
570,78913186067,398661,Kellogg Company,Keebler,Keebler Ready Crust Graham Pie Crust,,,,,78913,18606
571,18000007240,628569,"General Mills, Inc.",Pillsbury,Plsbry Cookies Sugar,N,N,,,18000,00724
572,73410135471,631685,"Bimbo Bakeries USA, Inc.",Arnold,Arnold Healthy Multi-grain Rolls Sandwich Thins,,,,,73410,13547
573,36200219324,429833,"Mizkan Americas, Inc.",Bertolli,Bertolli Sauce Vineyard Marinara with Burgundy WIne,,,,,36200,21932
575,21000615278,558877,Kraft Heinz Foods Company,Kraft,Kraft Singles White American - 24 CT,,,,,21000,61527
576,13000798204,296142,Heinz North America,Heinz,Heinz Home Style Gravy Classic Chicken,,,,,13000,79820
577,24000041061,367718,Del Monte Foods,Contadina,Contadina Tomato Paste,,,,,24000,04106
578,70200010659,396528,T. Marzetti Company,New York Bakery,New York Texas Toast Croutons Seasoned,,,,,70200,01065
579,70847811169,517459,Monster Energy Company,Monster,Monster Energy Drink,,,,,70847,81116
580,44000032111,384284,"Kraft Foods, Inc.",Chips Ahoy!,Nabisco Chips Ahoy! Mini,,,,,44000,03211
581,51500795903,251182,The J.M. Smucker Company,Pillsbury,Pillsbury Quick Bread & Muffin Mix Too Pumpkin,,,,,51500,79590
582,49000050141,477492,The Coca-Cola Company,Coca-Cola Zero,Coca-Cola Zero Sugar,,,,,49000,05014
583,37600241939,313511,"Hormel Food Sales, LLC",Hormel,Hormel Chili No Beans,,,,,37600,24193
584,49200045701,597344,"Domino Foods, Inc.",Domino,Domino Sugar Pure Cane Granulated,,,,,49200,04570
585,87684001073,588086,Kraft Heinz Foods Company,Capri Sun,Capri Sun Juice Drink Fruit Punch - 10 CT,,,,,87684,00107
586,25800023202,432118,Kraft Heinz Foods Company,Weight Watchers Smart Ones,Weight Watchers Smart Ones Slow Roasted Turkey Breast,,,,,25800,02320
587,50000215201,379437,Nestle Purina PetCare Company,Purina,Purina Friskies With Beef In Gravy Prime Filets Cat Food,,,,,50000,21520
588,46000287348,628305,"General Mills, Inc.",Old El Paso,Old El Paso Hard/Soft Taco Dnr Kit,N,N,,,46000,28734
590,50000425648,432285,Nestle Purina PetCare Company,Friskies,Friskies Cat Food Pate Sea Captain's Choice,,,,,50000,42564
592,27300100179,478267,Esskay Inc.,Esskay,Esskay Creamed Chipped Beef,,,,,27300,10017
593,16000275348,628013,"General Mills, Inc.",Lucky Charms,"Lucky Charms Gluten Free Cereal, 11.5 oz",N,N,,,16000,27534
594,36632026019,558898,"The Dannon Company, Inc.",Dannon,Dannon Activia Lowfat Probiotic Yogurt Vanilla - 4 PK,,,,,36632,02601
595,72350000016,504477,"Dr Pepper/Seven Up, Inc.",Yoo-hoo,Yoo-hoo Chocolate Drink - 10 CT,,,,,72350,00001
596,78000009767,489821,"Dr Pepper/Seven Up, Inc.",Schweppes,Schweppes Ginger Ale - 8 CT,,,,,78000,00976
597,72251001051,400106,Near East Food Products,Near East,Near East Rice Pilaf Mix Original,,,,,72251,00105
598,82657334127,433133,Nestle Waters North America Inc.,Deer Park,Deer Park 100% Natural Spring Water - 3 L,,,,,82657,33412
599,75185005010,593207,"Martin's Famous Pastry Shoppe, Inc.",Martin's,Martin's 100% Whole Wheat Potato Bread,,,,,75185,00501
600,14800000108,545535,Mott's LLP,Mott's,Mott's Applesauce Apple - 6 CT,,,,,14800,00010
601,71305055255,631203,"Bimbo Bakeries USA, Inc.",Maier's,Maier's Italian Bread,,,,,71305,05525
602,20169221504,415557,Crystal Farms,Simply Potatoes,Simply Potatoes Traditional Mashed Potatoes,,,,,20169,22150
603,16000264700,627446,"General Mills, Inc.",Nature Valley,Nat Vly Crnchy Gran Bars Pnt Btr,N,N,,,16000,26470
604,50000428946,378575,Nestle Purina PetCare Company,Fancy Feast,"Fancy Feast Cod, Sole & Shrimp Feast Classic Gourmet Cat Food",,,,,50000,42894
605,41148473752,643246,"General Mills, Inc.",Liberte,Liberte Organic Whl Mlk Ygrt Philippine Coconut,N,N,,,41148,47375
606,46000288697,628184,"General Mills, Inc.",Old El Paso,Old El Paso Taco Seas Mix Original,N,N,,,46000,28869
607,70800041183,433812,"The Smithfield Packing Company, Inc.",Smithfield,Smithfield Hickory Smoked Bacon Hometown Original,,,,,70800,04118
608,49000050721,433978,The Coca-Cola Company,Powerade Zero,Powerade Zero Zero Calorie Sports Drink Mixed Berry,,,,,49000,05072
609,42421005950,592179,Brunckhorst Co.,Boar's Head,Boar's Head Pepperoni,,,,,42421,00595
610,41789001222,413162,"Maruchan, Inc.",Maruchan,Maruchan Instant Lunch Roast Beef Flavor Ramen Noodle Soup,,,,,41789,00122
611,50000293315,392533,Nestle Purina PetCare Company,Friskies,Friskies SauceSations Cat Food Beef in Garden Sauce,,,,,50000,29331
612,21000611614,515104,Kraft Heinz Foods Company,Velveeta,Velveeta Cheese Pasteurized Recipe Cheese Product Original,,,,,21000,61161
613,66086080206,434062,"The Pastene Companies, LTD.",Pastene,Pastene Tomatoes Ground Peeled,,,,,66086,08020
614,73410000267,630085,"Bimbo Bakeries USA, Inc.",Arnold,Arnold Whole Grains Bread 12 Grain,,,,,73410,00026
615,36000258752,324875,"Kimberly-Clark Global Sales, LLC.",Kleenex,Kleenex Tissues with Aloe Lotion - 70 CT,,,,,36000,25875
617,34000290055,337397,The Hershey Company,Hershey's,Hershey's Milk Chocolate Bars - 6 CT,,,,,34000,29005
618,50000420544,456387,Nestle Purina PetCare Company,Purina,Purina Friskies Meaty Bits Gourmet Grill in Gravy,,,,,50000,42054
619,36000452488,641430,Kimberly-Clark Corp.,Cottonelle,Cottonelle Toilet Paper Clean Care - 12 CT,,,,,36000,45248
620,73420000110,400269,Daisy Brand,Daisy,Daisy Sour Cream Pure & Natural,,,,,73420,00011
621,34000405688,255733,The Hershey Company,Reese's,Reese's Peanut Butter Cups Snack Size - 8 CT,,,,,34000,40568
622,39000008006,277570,B&G Foods,Ortega,Ortega Taco Shells Yellow Corn - 12 CT,,,,,39000,00800
623,30271034077,296005,B&G Foods,Don Pepino,Don Pepino Pizza Sauce,,,,,30271,03407
624,70272232027,482895,ConAgra Foods Inc.,Reddi Wip,Reddi Wip Sweetened Dairy Whipped Topping Original,,,,,70272,23202
625,73390000110,501805,Perfetti Van Melle USA Inc,Mentos,Mentos Chewy Mint,,,,,73390,00011
626,19800036676,394028,The Dial Corporation,Renuzit,Renuzit Gel Air Freshener Forever Raspberry,,,,,19800,03667
627,11140871023,596819,Basic American Foods,Hungry Jack,Hungry Jack Mashed Potatoes,,,,,11140,87102
628,25000054334,512424,Simply Orange Juice Company,Simply Orange,Simply Orange Orange Juice Pulp Free,,,,,25000,05433
629,41800716005,407140,Welch's,Welch's,Welch's Sparkling Non-Alcoholic Juice Cocktail Red Grape,,,,,41800,71600
631,24000163176,368603,Del Monte Foods,Del Monte,Del Monte Fresh Cut Leaf Spinach,,,,,24000,16317
632,24000343462,435566,"Contadina Foods, Inc.",Contadina,Contadina Sauce with Natural Sea Salt,,,,,24000,34346
633,83900005764,359666,The Coca-Cola Company,Gold Peak,Gold Peak Tea Diet Tea,,,,,83900,00576
634,41331120012,459139,"Goya Foods, Inc.",Goya,Goya Green Pigeon Peas,,,,,41331,12001
635,71040000602,360470,Pollio Italian Cheese Company,Polly-O,Polly-O Natural String Cheese Reduced Fat Mozzarella - 12 CT,,,,,71040,00060
636,29700001476,436316,"Idahoan Foods, LLC",Idahoan,Idahoan Roasted Garlic Mashed Potatoes,,,,,29700,00147
637,39400016069,585509,Bush Brothers & Company,BUSH'S BEST,BUSH'S BEST Original Baked Beans,,,,,39400,01606
638,13000001120,376275,Heinz North America,Heinz,Heinz Chili Sauce,,,,,13000,00112
639,75185007007,465897,"Martin's Famous Pastry Shoppe, Inc.",Martin's,Martin's Potato Rolls - 24 CT,,,,,75185,00700
640,50000582105,274423,Nestle Purina PetCare Company,Purina,Purina Friskies Tasty Treasures Cat Food Beef & Liver Dinner With Cheese Pate,,,,,50000,58210
641,75185000015,465896,"Martin's Famous Pastry Shoppe, Inc.",Martin's,Martin's Potato Rolls Long - 8 CT,,,,,75185,00001
642,54800030767,390458,"MARS Food US, LLC",Uncle Ben's,Uncle Ben's Ready Rice Roasted Chicken,,,,,54800,03076
643,41196010138,643105,"General Mills, Inc.",Progresso,Progresso Vgtbl Clscs Soup Tomato Basil,N,Y,,,41196,01013
644,19600046103,381868,Pinnacle Foods Group LLC,Celeste,Celeste Pizza For One Pepperoni,,,,,19600,04610
645,13562000043,643338,"General Mills, Inc.",Annie's,Annies Hmgrwn Mac Chs Shells White Chdr,N,N,,,13562,00004
646,49000054361,437967,The Coca-Cola Company,Powerade Zero,Powerade Zero Calorie Sports Drink Orange,,,,,49000,05436
647,44700360026,515753,Kraft Heinz Foods Company,Lunchables,Lunchables Light Bologna & American,,,,,44700,36002
648,50000429042,380445,Nestle Purina PetCare Company,Fancy Feast,Fancy Feast Tender Liver & Chicken Feast Classic Gourmet Cat Food,,,,,50000,42904
649,21000010882,510437,Kraft Heinz Foods Company,Kraft,Kraft Macaroni & Cheese Triple Cheese,,,,,21000,01088
650,44000033279,607611,Mondelez Global LLC,Nabisco,Nabisco Oreo Chocolate Sandwich Cookies,,,,,44000,03327
651,71871548601,518073,Kraft Heinz Foods Company,Oscar Mayer,Oscar Mayer Turkey Bacon,,,,,71871,54860
652,51600000013,378860,"Lea & Perrins, Inc.",Lea & Perrins,Lea & Perrins All Natural Original Worcestershire Sauce,,,,,51600,00001
655,54000363696,359476,Kimberly-Clark Corp.,Scott,Scott Tissue Extra Soft Unscented Bathroom Tissue - 12 CT,,,,,54000,36369
656,43000285329,510362,Kraft Heinz Foods Company,Kraft,Kraft Stove Top Stuffing Mix Cornbread,,,,,43000,28532
657,40000505310,439496,"MARS Chocolate North America, LLC",3 Musketeers,3 Musketeers Fun Size,,,,,40000,50531
658,13000798600,380901,H.J. Heinz Company,Heinz,Heinz Gravy Homestyle Classic Chicken Value Size,,,,,13000,79860
661,52100004389,512926,"McCormick & Co., Inc.",McCormick,McCormick Ground Cinnamon,,,,,52100,00438
662,21000013289,364192,"Kraft Foods, Inc.",Breakstone's,Breakstone's Cottage Cheese 2% Milkfat Lowfat - 4 CT,,,,,21000,01328
663,13562300846,632778,"General Mills, Inc.",Annie's,Annies Mac Chs Shells Real Aged Chdr,,,,,13562,30084
664,70470435480,628075,"General Mills, Inc.",Yoplait,Yoplait Grk 100 Prtn Ff Ygrt Key Lime,N,N,,,70470,43548
665,70470433332,628353,"General Mills, Inc.",Yoplait,Yoplait Grk 100 Prtn Ff Ygrt Peach,N,N,,,70470,43333
666,70470433318,628141,"General Mills, Inc.",Yoplait,Yoplait Grk 100 Prtn Ff Ygrt Mixed Berry,N,N,,,70470,43331
667,21000121649,400302,Kraft Heinz Foods Company,Breakstone's,Breakstone's Sour Cream Reduced Fat,,,,,21000,12164
669,36000293883,492572,"Kimberly-Clark Global Sales, LLC.",Kleenex,Kleenex Cool Touch Unscented Tissues - 50 CT,,,,,36000,29388
670,14100085393,620876,Pepperidge Farm Tim Tam,Pepperidge Farm® Goldfish®,"Pepperidge Farm® Goldfish® Colors Cheddar Crackers, 6.6 oz. Bag",,,Y,,14100,08539
671,70200010666,392058,T. Marzetti Company,New York Bakery,New York Texas Toast Croutons Caesar,,,,,70200,01066
672,14800646085,504284,Mott's LLP,Hawaiian Punch,Hawaiian Punch Fruit Juicy Red,,,,,14800,64608
673,38000402906,413385,Kellogg Company,Eggo,Kellogg's Eggo Buttermilk Waffles - 10 CT,,,,,38000,40290
674,50000574025,380168,Nestle Purina PetCare Company,Purina,Purina Friskies Indoor Pate Cat Food Salmon Dinner with Garden Greens,,,,,50000,57402
676,41617002254,389801,Clabber Girl Corporation,Rumford,Rumford Baking Powder,,,,,41617,00225
677,50000001248,378740,Nestle Purina PetCare Company,Fancy Feast,Fancy Feast Tuna Feast Flaked Gourmet Cat Food,,,,,50000,00124
678,43000204450,510399,Kraft Heinz Foods Company,JELL-O,JELL-O Instant Pudding & Pie Filling Pistachio,,,,,43000,20445
679,44700031285,462916,Kraft Heinz Foods Company,Oscar Mayer,Oscar Mayer Delifresh Oven Roasted Turkey Breast,,,,,44700,03128
680,49000055436,603733,The Coca-Cola Company,Fanta,Fanta Orange Soda,,,,,49000,05543
681,59290573220,459764,"Shaffer, Clarke & Co., Inc.",Carr's,Carr's Table Water Crackers Original,,,,,59290,57322
682,86600000206,378654,"Bumble Bee Foods, LLC",Bumble Bee,Bumble Bee Chunk Light Tuna In Water,,,,,86600,00020
683,41331026628,396949,"Goya Foods, Inc.",Goya,Goya Spanish Style Yellow Rice,,,,,41331,02662
684,50000427949,381778,Nestle Purina PetCare Company,Fancy Feast,Fancy Feast Gourmet Cat Food Chicken & Tuna Feast Flaked,,,,,50000,42794
685,16000141568,628116,"General Mills, Inc.",Lucky Charms,Lucky Charms,,,,,16000,14156
686,41331049436,76833,"Goya Foods, Inc.",Goya,Goya Maria Cookies,,,,,41331,04943
687,71040063300,378916,"Kraft Foods, Inc.",Polly-O,Polly-O Part Skim Mozzarella Cheese,,,,,71040,06330
688,41196010121,628208,"General Mills, Inc.",Progresso,Progresso Vgtbl Clscs Soup Minestrone,N,Y,,,41196,01012
689,20735110577,418715,Turkey Hill Dairy,Turkey Hill,Turkey Hill Premium Ice Cream Dark Chocolate Caramel Espresso,,,,,20735,11057
690,21000612239,441907,Kraft Heinz Foods Company,Philadelphia,Philadelphia Cream Cheese Original,,,,,21000,61223
691,14100096559,620949,Pepperidge Farm Tim Tam,Pepperidge Farm® Goldfish®,"Pepperidge Farm® Goldfish® Cheddar Crackers, 30 oz. Carton",,,Y,,14100,09655
692,11233087041,442294,Table Talk Pies Inc.,Table Talk,Table Talk Blueberry Pie,,,,,11233,08704
693,21000009015,394966,"Kraft Foods, Inc.",Cracker Barrel,Cracker Barrel Sharp-White Cheddar Cheese,,,,,21000,00901
694,29700001469,364757,"Idahoan Foods, LLC",Idahoan,Idahoan Mashed Potatoes Butter & Herb,,,,,29700,00146
695,14100085478,620899,Pepperidge Farm Tim Tam,Pepperidge Farm® Goldfish®,"Pepperidge Farm® Goldfish® Cheddar Crackers, 6.6 oz. Bag",,,Y,,14100,08547
696,73491095008,620832,"Kozy Shack Enterprises, Inc.",Kozy Shack,KozyShack Simply Well Gluten Free Rice Pudding - 4 CT,,,,,73491,09500
697,72945601369,628729,"Bimbo Bakeries USA, Inc.",Sara Lee,Sara Lee Bread Honey Wheat,,,,,72945,60136
698,49000050165,370884,The Coca-Cola Company,Coca-Cola,Coca-Cola Cherry,,,,,49000,05016
699,48121184070,628750,"Bimbo Bakeries USA, Inc.",Thomas',Thomas' English Muffins 100% Whole Wheat,,,,,48121,18407
701,49000064063,394740,The Coca-Cola Company,Gold Peak,Gold Peak Tea Sweet Tea,,,,,49000,06406
703,23000351958,340236,"GLK Foods, LLC",Silver Floss,Silver Floss Shredded Sauerkraut,,,,,23000,35195
704,71305055262,631809,"Bimbo Bakeries USA, Inc.",Maier's,Maier's Italian Bread Seeded,,,,,71305,05526
705,43000276785,515809,Kraft Heinz Foods Company,Baker's,Baker's Angel Flake Sweetened Coconut,,,,,43000,27678
706,36632002600,556874,"The Dannon Company, Inc.",Dannon,Dannon Light & Fit Nonfat Yogurt Vanilla,,,,,36632,00260
707,19600045007,399970,Pinnacle Foods Group LLC,Celeste,Celeste Pizza For One Vegetable,,,,,19600,04500
708,14100074724,620852,Pepperidge Farm Tim Tam,Pepperidge Farm® Milano®,"Pepperidge Farm® Milano® Double Dark Chocolate Cookies, 7.5 oz. Bag",,,Y,,14100,07472
709,72030013398,384316,"Bimbo Bakeries USA, Inc.",Entenmann's,Entenmann's Little Bites Blueberry Muffins - 20 CT,,,,,72030,01339
710,43000000373,281172,Pinnacle Foods Group LLC,Log Cabin,Log Cabin Syrup Original,,,,,43000,00037
711,72030011080,640668,"Bimbo Bakeries USA, Inc.",Entenmann's,Entenmann's Soft'ees Donuts Variety Pack,,,,,72030,01108
712,72030011080,640668,"Bimbo Bakeries USA, Inc.",Entenmann's,Entenmann's Soft'ees Donuts Plain - 4 CT,,,,,72030,01108
713,72030011080,640668,"Bimbo Bakeries USA, Inc.",Entenmann's,Entenmann's Soft'ees Donuts Cinnamon - 4 CT,,,,,72030,01108
714,72030011080,640668,"Bimbo Bakeries USA, Inc.",Entenmann's,Entenmann's Soft'ees Donuts Powdered - 4 CT,,,,,72030,01108
715,19600046301,381071,Pinnacle Foods Group LLC,Celeste,Celeste Pizza For One Original Cheese,,,,,19600,04630
716,36000373882,444305,"Kimberly-Clark Global Sales, LLC.",Kleenex,Kleenex Trusted Care 2-Ply Tissues - 210 CT,,,,,36000,37388
717,16000305700,627348,"General Mills, Inc.",Betty Crocker,Bty Crk Cookie Mix Pnt Btr,N,N,,,16000,30570
718,16000306301,627793,"General Mills, Inc.",Betty Crocker,Bty Crk Cookie Mix Sugar,N,N,,,16000,30630
719,52100002514,50478,"McCormick & Co., Inc.",McCormick,McCormick Ground Ginger,,,,,52100,00251
721,44700361474,443634,Kraft Heinz Foods Company,Lunchables,Lunchables Ham & American Cracker Stackers,,,,,44700,36147
722,11233087010,319525,Table Talk Pies Inc.,Table Talk,Table Talk Pie Apple,,,,,11233,08701
725,78700801623,361718,"Bimbo Bakeries USA, Inc.",Nature's Harvest,Nature's Harvest 100% Stone Ground Whole Wheat Bread,,,,,78700,80162
726,46000811512,627725,"General Mills, Inc.",Old El Paso,Old El Paso Crnchy Taco Shells,N,N,,,46000,81151
727,36200004647,445226,"Mizkan Americas, Inc.",Ragu,Ragu Cheese Creation Parmesan & Romano Sauce,,,,,36200,00464
728,71330601380,624068,"Bimbo Bakeries USA, Inc.",Freihofer's,Freihofer's Bread Italian,,,,,71330,60138
729,43000955628,508137,"Kraft Foods, Inc.",Kool-Aid,Kool-Aid Unsweetened Drink Mix Cherry,,,,,43000,95562
730,41196404821,627466,"General Mills, Inc.",Progresso,Progresso Light Soup Chckn Noodle,,,,,41196,40482
731,29000016651,288802,Kraft Heinz Foods Company,Planters,Planters Mixed Nuts,,,,,29000,01665
732,78000152883,515765,"Dr Pepper/Seven Up, Inc.",Canada Dry,Canada Dry Ginger Ale Bottles - 8 CT,,,,,78000,15288
733,44700361139,548108,Kraft Heinz Foods Company,Lunchables,Lunchables Pizza with Pepperoni Lunch Combinations,,,,,44700,36113
734,50000577989,274419,Nestle Purina PetCare Company,Purina,Purina Friskies Tasty Treasures Cat Food With Turkey & Cheese In Gravy,,,,,50000,57798
735,26200117003,484242,ConAgra Foods Inc.,Slim Jim,Slim Jim Original Smoked Snack Stick,,,,,26200,11700
736,49000055375,321105,The Coca-Cola Company,Coca-Cola,Coca Cola Bottle,,,,,49000,05537
737,48000000866,369113,Chicken of the Sea International,Chicken of the Sea,Chicken of the Sea Pink Salmon Skinless Boneless Chunk Style in Water,,,,,48000,00086
738,9800000715,610615,"Ferrero U.S.A., Incorporated",Ferrero Rocher,Ferrero Rocher Fine Hazelnut Chocolates,,,,,98000,00715
741,15665770458,393888,Pirate Brands,Pirate's Booty,Pirate's Booty Aged White Cheddar Lunch Packs - 6 CT,,,,,15665,77045
742,50000412204,380437,Nestle Purina PetCare Company,Purina,Purina Friskies Savory Shreds Turkey & Cheese Dinner In Gravy,,,,,50000,41220
743,13800151735,450276,Nestle USA Inc.,Stouffer's,Stouffer's French Bread Pizzas Pepperoni - 2 CT,,,,,13800,15173
744,36000258660,363541,Kimberly-Clark Corp.,Kleenex,Kleenex Soothing Lotion 2-Ply Tissues - 120 CT,,,,,36000,25866
745,49000051995,373258,The Coca-Cola Company,Coca-Cola,Coca-Cola Cherry Zero,,,,,49000,05199
746,71448300144,459361,"Alouette Cheese USA, LLC.",Alouette,Alouette Soft Spreadable Cheese Garlic & Herbs,,,,,71448,30014
747,51000232625,625074,Campbell Soup Company,Campbell's® Well Yes!™,"Campbell's® Well Yes!® Chicken Noodle Soup, 16.2 oz.",,,,,51000,23262
748,72030001616,321575,"Bimbo Bakeries USA, Inc.",Entenmann's,Entenmann's Pop'ems Glazed Donut Holes,,,,,72030,00161
749,15100026249,380499,American Italian Pasta Company,Pennsylvania Dutch,Pennsylvania Extra Wide Egg Noodles,,,,,15100,02624
751,43000204313,393226,"Kraft Foods, Inc.",JELL-O,Jell-O Instant Pudding & Pie Filling Chocolate,,,,,43000,20431
752,50000570492,400435,Nestle Purina PetCare Company,Fancy Feast,Fancy Feast Medleys Cat Food Wild Salmon Florentine,,,,,50000,57049
753,71921133894,377580,Nestle USA Inc.,DiGiorno,DiGiorno Pizzeria! Thin Margherita Pizza,,,,,71921,13389
754,38000596445,609769,Kellogg Sales Co.,Kellogg's,Kellogg's Frosted Flakes Cereal,,,,,38000,59644
755,21000611447,395637,Kraft Heinz Foods Company,Velveeta,Velveeta Slices Original - 16 CT,,,,,21000,61144
756,83900005382,604035,The Coca-Cola Company,Gold Peak,Gold Peak Tea Brewed Taste Diet,,,,,83900,00538
757,28400147415,374392,"Frito-Lay, Inc.",SunChips,Sun Chips 100% Whole Grain Original,,,,,28400,14741
758,70470137780,627186,"General Mills, Inc.",Yoplait,Yoplait Gogurt Lf Ygrt Bry/Strwbry,N,N,,,70470,13778
759,37000433576,393653,Procter & Gamble Company,Cascade,Cascade Complete Dishwasher Detergent Citrus Breeze Scent,,,,,37000,43357
760,44000026813,607682,Nabisco Biscuit Company,Premium,Nabisco Premium Original Fresh Stacks Saltine Crackers,,,,,44000,02681
761,44000000554,607683,Mondelez Global LLC,Premium,Premium Saltine Crackers Unsalted Tops,,,,,44000,00055
